,tweets,features,sentiment
0,Gujarat s economic growth impressive but GST remains a challenge TGI goodsandservicestax,"['gujarat', 'economic', 'growth', 'impressive', 'gst', 'remains', 'challenge', 'tgi', 'goodsandservicestax']",positive
1, MoF officials finally checkmated as GST Council chaired for the first time by Finance Minister Piyush Goyal ignores,"['mof', 'officials', 'finally', 'checkmated', 'gst', 'council', 'chaired', 'time', 'finance', 'minister', 'piyush', 'goyal', 'ignores']",positive
2, GST Council Tax Audit Report changes out of syllabus aa gaya TaxAudit 3CD LifeOfACA,"['gst', 'council', 'tax', 'audit', 'report', 'changes', 'syllabus', 'aa', 'gaya', 'taxaudit', 'lifeofaca']",negative
3, The GST on SanitaryNapkins campaign had been so misinformed It s sad that the GST Council on Saturday buckled under mi,"['gst', 'sanitarynapkins', 'campaign', 'misinformed', 'sad', 'gst', 'council', 'saturday', 'buckled', 'mi']",negative
4, Grateful ecstatic and thankful for a government that is sensitive compassionate and responsive Thank you,"['grateful', 'ecstatic', 'thankful', 'government', 'sensitive', 'compassionate', 'responsive', 'thank']",positive
5, The GST on SanitaryNapkins campaign had been so misinformed It s sad that the GST Council on Saturday buckled under mi,"['gst', 'sanitarynapkins', 'campaign', 'misinformed', 'sad', 'gst', 'council', 'saturday', 'buckled', 'mi']",negative
6, As a state that thrives on its art and culture the decision to exempt statues of Deities made from Marble and to reduce,"['thrives', 'art', 'culture', 'decision', 'exempt', 'statues', 'deities', 'marble', 'reduce']",positive
7, Odisha Exemption of GST on SanitaryNapkins will positively impact public health of future generations amp benefit Odisha s Kh,"['odisha', 'exemption', 'gst', 'sanitarynapkins', 'positively', 'impact', 'public', 'health', 'future', 'generations', 'amp', 'benefit', 'odisha', 'kh']",negative
8, A big thank you to ji amp ji for simplifying the GST further Traders would find the design of the n,"['thank', 'ji', 'amp', 'ji', 'simplifying', 'gst', 'traders', 'design']",positive
9, GST Removed on Sanitary napkins This is actual Women Empowerment at its peak indeed a good endeavour Thank you,"['gst', 'removed', 'sanitary', 'napkins', 'actual', 'women', 'empowerment', 'peak', 'indeed', 'endeavour', 'thank']",negative
10, A Big Shoutout to amp for being sensitive towards issues related to women s health amp hygiene,"['shoutout', 'amp', 'sensitive', 'towards', 'issues', 'related', 'women', 'health', 'amp', 'hygiene']",negative
11, Allowing hotels to charge GST on actual tariff is very positive This has been a demand of industry amp we r indeed grateful to,"['allowing', 'hotels', 'charge', 'gst', 'actual', 'tariff', 'positive', 'demand', 'industry', 'amp', 'indeed', 'grateful']",positive
12,JK Sir what the hell is Govt doing No interest in Ayodhya Issue No interest in Fr,"['jk', 'sir', 'hell', 'govt', 'doing', 'ayodhya', 'issue', 'fr']",negative
13,Declining Rupee How Risky Situation is this for MSMEs fdi SMEs GST GSTCouncil GSTCouncilMeet,"['declining', 'rupee', 'risky', 'situation', 'msmes', 'fdi', 'smes', 'gst', 'gstcouncil', 'gstcouncilmeet']",positive
14, The GST on SanitaryNapkins campaign had been so misinformed It s sad that the GST Council on Saturday buckled under mi,"['gst', 'sanitarynapkins', 'campaign', 'misinformed', 'sad', 'gst', 'council', 'saturday', 'buckled', 'mi']",negative
15, GST rates have been recommended to be brought down from 28 to 18 on the following items,"['gst', 'rates', 'recommended', 'brought', 'following', 'items']",positive
16,Good Results Money come to balance sheet rather then going as unaccounted cash Thanks to,"['results', 'money', 'balance', 'sheet', 'unaccounted', 'cash', 'thanks']",negative
17, GST rates have been recommended to be brought down from 28 to 18 on the following items,"['gst', 'rates', 'recommended', 'brought', 'following', 'items']",positive
18,Council india Why can t,"['council', 'india']",positive
19, By cutting down the GST from 12 to 5 on these important items this initiative by Central Government once again win,"['cutting', 'gst', 'items', 'initiative', 'central', 'government', 'win']",neutral
20, The GST on SanitaryNapkins campaign had been so misinformed It s sad that the GST Council on Saturday buckled under mi,"['gst', 'sanitarynapkins', 'campaign', 'misinformed', 'sad', 'gst', 'council', 'saturday', 'buckled', 'mi']",negative
21, RISE GST return filing has been made simpler for all taxpayers Here are the details Council GoI,"['rise', 'gst', 'return', 'filing', 'simpler', 'taxpayers', 'details', 'council', 'goi']",positive
22, RISE GST return filing has been made simpler for all taxpayers Here are the details Council GoI,"['rise', 'gst', 'return', 'filing', 'simpler', 'taxpayers', 'details', 'council', 'goi']",positive
23, The GST on SanitaryNapkins campaign had been so misinformed It s sad that the GST Council on Saturday buckled under mi,"['gst', 'sanitarynapkins', 'campaign', 'misinformed', 'sad', 'gst', 'council', 'saturday', 'buckled', 'mi']",negative
24, GST rate cut impact Synthetic textiles to be 5 7 cheaper from August via NaMo App,"['gst', 'rate', 'cut', 'impact', 'synthetic', 'textiles', 'cheaper', 'august', 'via', 'namo', 'app']",neutral
25, So as per Modi govt s decision to did away with GST on sanitary napkins will now vanish Indian Manufactu,"['modi', 'govt', 'decision', 'gst', 'sanitary', 'napkins', 'vanish', 'indian', 'manufactu']",positive
26, The GST on SanitaryNapkins campaign had been so misinformed It s sad that the GST Council on Saturday buckled under mi,"['gst', 'sanitarynapkins', 'campaign', 'misinformed', 'sad', 'gst', 'council', 'saturday', 'buckled', 'mi']",negative
27,GST rates have been recommended to be brought down from 28 to 18 on the following items,"['gst', 'rates', 'recommended', 'brought', 'following', 'items']",positive
28, ml First you introduce mass indirect tax heavily skewed against economically deprived named GST Impose high tax on essential,"['ml', 'introduce', 'mass', 'indirect', 'tax', 'heavily', 'skewed', 'economically', 'deprived', 'named', 'gst', 'impose', 'tax', 'essential']",negative
29,GST rates have been recommended to be brought down from 28 to 18 on the following items,"['gst', 'rates', 'recommended', 'brought', 'following', 'items']",positive
30,I congratulate ji in keeping GST so open ended and feedback sensitive This is by far the best polic,"['congratulate', 'ji', 'keeping', 'gst', 'feedback', 'sensitive', 'polic']",positive
31, RISE GST return filing has been made simpler for all taxpayers Here are the details Council GoI,"['rise', 'gst', 'return', 'filing', 'simpler', 'taxpayers', 'details', 'council', 'goi']",positive
32, The GST on SanitaryNapkins campaign had been so misinformed It s sad that the GST Council on Saturday buckled under mi,"['gst', 'sanitarynapkins', 'campaign', 'misinformed', 'sad', 'gst', 'council', 'saturday', 'buckled', 'mi']",negative
33, The GSTCouncilMeet s removal of GST on SanitaryNapkins is an eyewash by where inputtaxcredits is denied 2,"['gstcouncilmeet', 'removal', 'gst', 'sanitarynapkins', 'eyewash', 'inputtaxcredits', 'denied']",negative
34, RISE GST return filing has been made simpler for all taxpayers Here are the details Council GoI,"['rise', 'gst', 'return', 'filing', 'simpler', 'taxpayers', 'details', 'council', 'goi']",positive
35,The GST on SanitaryNapkins campaign had been so misinformed It s sad that the GST Council on Saturday buckled un,"['gst', 'sanitarynapkins', 'campaign', 'misinformed', 'sad', 'gst', 'council', 'saturday', 'buckled', 'un']",positive
36, jantv Better late than never SanitaryNapkins finally exempted from GST step in right direction,"['jantv', 'late', 'sanitarynapkins', 'finally', 'exempted', 'gst', 'step', 'direction']",positive
37, So as per Modi govt s decision to did away with GST on sanitary napkins will now vanish Indian Manufactu,"['modi', 'govt', 'decision', 'gst', 'sanitary', 'napkins', 'vanish', 'indian', 'manufactu']",positive
38, May I Request Shr Narendra Modi ji amp Piyush Goyal ji to Exempt Burnol from on GST This has become basic need for Libera,"['request', 'shr', 'narendra', 'modi', 'ji', 'amp', 'piyush', 'goyal', 'ji', 'exempt', 'burnol', 'gst', 'basic', 'libera']",negative
39,Good to know but parts of it sounds like VAT days only Plus I really pity the IT vendor in GST The changes will,"['sounds', 'vat', 'days', 'plus', 'pity', 'vendor', 'gst', 'changes']",negative
40, Reduction in GST rates from 28 to 18 https,"['reduction', 'gst', 'rates', 'https']",negative
41,The government is expected to take a hit of Rs 15 000 crore after slashing GST rates on over 50 items spiking rev,"['government', 'expected', 'hit', 'rs', 'crore', 'slashing', 'gst', 'rates', 'items', 'spiking', 'rev']",negative
42, The GST Council has reduced the GST rate on lithium ion batteries for ElectricVehicles from 28 per cent to 18 per cent,"['gst', 'council', 'reduced', 'gst', 'rate', 'lithium', 'ion', 'batteries', 'electricvehicles', 'cent', 'cent']",negative
43, Reduction in GST rates from 28 to 18 https,"['reduction', 'gst', 'rates', 'https']",negative
44, Reduction in GST rates from 28 to 18 https,"['reduction', 'gst', 'rates', 'https']",negative
45, After empty boasts and endless PR even as the Govt scrambles to fix GST we are confronted with the monumental failure of,"['empty', 'boasts', 'endless', 'pr', 'govt', 'scrambles', 'fix', 'gst', 'confronted', 'monumental', 'failure']",negative
46, End of Day Wrap up Monday July 23 2018 GST GSTCouncil profit PiramalCapital Samhi SBI PNB LIC IT Atos Syntel,"['day', 'wrap', 'monday', 'july', 'gst', 'gstcouncil', 'profit', 'piramalcapital', 'samhi', 'sbi', 'pnb', 'lic', 'atos', 'syntel']",negative
47, So as per Modi govt s decision to did away with GST on sanitary napkins will now vanish Indian Manufactu,"['modi', 'govt', 'decision', 'gst', 'sanitary', 'napkins', 'vanish', 'indian', 'manufactu']",positive
48, RISE GST return filing has been made simpler for all taxpayers Here are the details Council GoI,"['rise', 'gst', 'return', 'filing', 'simpler', 'taxpayers', 'details', 'council', 'goi']",positive
49, Consumer durables and electronics makers expect a bumper festive period as GST rate cuts set to boost affordability bu,"['consumer', 'durables', 'electronics', 'makers', 'expect', 'bumper', 'festive', 'period', 'gst', 'rate', 'cuts', 'set', 'boost', 'affordability', 'bu']",negative
50, GST Council Tax Audit Report changes out of syllabus aa gaya TaxAudit 3CD LifeOfACA,"['gst', 'council', 'tax', 'audit', 'report', 'changes', 'syllabus', 'aa', 'gaya', 'taxaudit', 'lifeofaca']",negative
51, When GST was implemented on 1st July 2017 there were 226 goods in 28 tax slab Today there are only 35 GSTCounc,"['gst', 'implemented', 'july', 'tax', 'slab', 'gstcounc']",negative
52, So as per Modi govt s decision to did away with GST on sanitary napkins will now vanish Indian Manufactu,"['modi', 'govt', 'decision', 'gst', 'sanitary', 'napkins', 'vanish', 'indian', 'manufactu']",positive
53,National Anti Profiteering Authority is set up to monitor if tax cuts are passed on to the consumers or not Testin,"['national', 'anti', 'profiteering', 'authority', 'set', 'monitor', 'tax', 'cuts', 'passed', 'consumers', 'testin']",positive
54,Dealer can not able to file GSTR4 2 taxpayer instead of already having composition permission though,"['dealer', 'able', 'file', 'gstr4', 'taxpayer', 'instead', 'composition', 'permission']",negative
55,Dealer can not able to file GSTR4 2 taxpayer instead of already having composition permission though griv,"['dealer', 'able', 'file', 'gstr4', 'taxpayer', 'instead', 'composition', 'permission', 'griv']",negative
56, Sanitary Napkins exempted from GST A great move much needed Thank you ji GSTCouncil GSTCouncilMeet,"['sanitary', 'napkins', 'exempted', 'gst', 'move', 'thank', 'ji', 'gstcouncil', 'gstcouncilmeet']",positive
57,Dealer can not able to file GSTR4 2 taxpayer instead of already having composition permission though griv,"['dealer', 'able', 'file', 'gstr4', 'taxpayer', 'instead', 'composition', 'permission', 'griv']",negative
58, Was invited today to Punjabi show Gallaan te Geet regarding One year GST Journey so far and future prospects,"['invited', 'punjabi', 'gallaan', 'te', 'geet', 'regarding', 'gst', 'journey', 'future', 'prospects']",positive
59, RISE GST return filing has been made simpler for all taxpayers Here are the details Council GoI,"['rise', 'gst', 'return', 'filing', 'simpler', 'taxpayers', 'details', 'council', 'goi']",positive
60, A Big Shoutout to amp for being sensitive towards issues related to women s health amp hygiene,"['shoutout', 'amp', 'sensitive', 'towards', 'issues', 'related', 'women', 'health', 'amp', 'hygiene']",negative
61,FT Footwear Makers Divided On Passing GST Benefit To Consumers adeshgupta footwearnews,"['ft', 'footwear', 'makers', 'divided', 'passing', 'gst', 'benefit', 'consumers', 'adeshgupta', 'footwearnews']",negative
62, Decision to exempt sanitary napkins from GST was taken today at 28th GSTCouncilMeet This will help innumerable women a,"['decision', 'exempt', 'sanitary', 'napkins', 'gst', 'gstcouncilmeet', 'help', 'innumerable', 'women']",negative
63,Dealer can not able to file GSTR4 2 taxpayer instead of already having composition permission though,"['dealer', 'able', 'file', 'gstr4', 'taxpayer', 'instead', 'composition', 'permission']",negative
64, Odisha Exemption of GST on SanitaryNapkins will positively impact public health of future generations amp benefit Odisha s Kh,"['odisha', 'exemption', 'gst', 'sanitarynapkins', 'positively', 'impact', 'public', 'health', 'future', 'generations', 'amp', 'benefit', 'odisha', 'kh']",negative
65,Dealer can not able to file GSTR4 2 taxpayer instead of already having composition,"['dealer', 'able', 'file', 'gstr4', 'taxpayer', 'instead', 'composition']",negative
66, GST Council Tax Audit Report changes out of syllabus aa gaya TaxAudit 3CD LifeOfACA,"['gst', 'council', 'tax', 'audit', 'report', 'changes', 'syllabus', 'aa', 'gaya', 'taxaudit', 'lifeofaca']",negative
67, After empty boasts and endless PR even as the Govt scrambles to fix GST we are confronted with the monumental failure of,"['empty', 'boasts', 'endless', 'pr', 'govt', 'scrambles', 'fix', 'gst', 'confronted', 'monumental', 'failure']",negative
68, GST on lithium ion batteries reduced to 18 percent from 28 percent earlier,"['gst', 'lithium', 'ion', 'batteries', 'reduced', 'percent', 'percent', 'earlier']",negative
69, May I Request Shr Narendra Modi ji amp Piyush Goyal ji to Exempt Burnol from on GST This has become basic need for Libera,"['request', 'shr', 'narendra', 'modi', 'ji', 'amp', 'piyush', 'goyal', 'ji', 'exempt', 'burnol', 'gst', 'basic', 'libera']",negative
70, GoI Dealer can not able to file GSTR4 2 taxpayer instead of already havi,"['goi', 'dealer', 'able', 'file', 'gstr4', 'taxpayer', 'instead', 'havi']",negative
71, Election tilt GST Council s rush job angers some FMs of Opposition ruled states who called the process undemocratic unplea,"['election', 'tilt', 'gst', 'council', 'rush', 'job', 'angers', 'fms', 'opposition', 'ruled', 'called', 'process', 'undemocratic', 'unplea']",positive
72,GST on lithium ion batteries reduced to 18 percent from 28 percent earlier,"['gst', 'lithium', 'ion', 'batteries', 'reduced', 'percent', 'percent', 'earlier']",negative
73,NDA s economic policies have hit village economy our state never think about handloom we,"['nda', 'economic', 'policies', 'hit', 'village', 'economy', 'handloom']",positive
74, RISE GST return filing has been made simpler for all taxpayers Here are the details Council GoI,"['rise', 'gst', 'return', 'filing', 'simpler', 'taxpayers', 'details', 'council', 'goi']",positive
75, RISE GST return filing has been made simpler for all taxpayers Here are the details Council GoI,"['rise', 'gst', 'return', 'filing', 'simpler', 'taxpayers', 'details', 'council', 'goi']",positive
76,GoI Dealer can not able to file GSTR4 2 taxpayer instead of already h,"['goi', 'dealer', 'able', 'file', 'gstr4', 'taxpayer', 'instead']",negative
77, CII welcomes the landmark decisions taken by the Council at its 28th Meeting The decisions are in line with industry s,"['cii', 'welcomes', 'landmark', 'decisions', 'council', 'meeting', 'decisions', 'line', 'industry']",positive
78,GST rate cuts Discretionary spending likely to gather steam,"['gst', 'rate', 'cuts', 'discretionary', 'spending', 'gather', 'steam']",negative
79, RISE GST return filing has been made simpler for all taxpayers Here are the details Council GoI,"['rise', 'gst', 'return', 'filing', 'simpler', 'taxpayers', 'details', 'council', 'goi']",positive
80, MoF officials finally checkmated as GST Council chaired for the first time by Finance Minister Piyush Goyal ignores,"['mof', 'officials', 'finally', 'checkmated', 'gst', 'council', 'chaired', 'time', 'finance', 'minister', 'piyush', 'goyal', 'ignores']",positive
81, If slow n sure steps was the idea this certainly seems well done Govt getting a proper grip on GST If this,"['slow', 'steps', 'idea', 'govt', 'getting', 'proper', 'grip', 'gst']",positive
82, May I Request Shr Narendra Modi ji amp Piyush Goyal ji to Exempt Burnol from on GST This has become basic need for Libera,"['request', 'shr', 'narendra', 'modi', 'ji', 'amp', 'piyush', 'goyal', 'ji', 'exempt', 'burnol', 'gst', 'basic', 'libera']",negative
83, Major achievements of GST Under reporting of turnover became ALMOST impossible leading 2 widening of tax base amp higher T,"['major', 'achievements', 'gst', 'reporting', 'turnover', 'impossible', 'leading', 'widening', 'tax', 'base', 'amp']",negative
84, RISE GST return filing has been made simpler for all taxpayers Here are the details Council GoI,"['rise', 'gst', 'return', 'filing', 'simpler', 'taxpayers', 'details', 'council', 'goi']",positive
85, So as per Modi govt s decision to did away with GST on sanitary napkins will now vanish Indian Manufactu,"['modi', 'govt', 'decision', 'gst', 'sanitary', 'napkins', 'vanish', 'indian', 'manufactu']",positive
86, So as per Modi govt s decision to did away with GST on sanitary napkins will now vanish Indian Manufactu,"['modi', 'govt', 'decision', 'gst', 'sanitary', 'napkins', 'vanish', 'indian', 'manufactu']",positive
87, RISE GST return filing has been made simpler for all taxpayers Here are the details Council GoI,"['rise', 'gst', 'return', 'filing', 'simpler', 'taxpayers', 'details', 'council', 'goi']",positive
88, Why no GST on sanitary napkins could actually make it costlier via,"['gst', 'sanitary', 'napkins', 'actually', 'costlier', 'via']",positive
89, After empty boasts and endless PR even as the Govt scrambles to fix GST we are confronted with the monumental failure of,"['empty', 'boasts', 'endless', 'pr', 'govt', 'scrambles', 'fix', 'gst', 'confronted', 'monumental', 'failure']",negative
90, A Big Shoutout to amp for being sensitive towards issues related to women s health amp hygiene,"['shoutout', 'amp', 'sensitive', 'towards', 'issues', 'related', 'women', 'health', 'amp', 'hygiene']",negative
91,While GST Council s Tax Cuts Will Bring Cheer It Could Work Out to a Rs 15 000 Crore Revenue Hit,"['gst', 'council', 'tax', 'cuts', 'bring', 'cheer', 'rs', 'crore', 'revenue', 'hit']",positive
92, May I Request Shr Narendra Modi ji amp Piyush Goyal ji to Exempt Burnol from on GST This has become basic need for Libera,"['request', 'shr', 'narendra', 'modi', 'ji', 'amp', 'piyush', 'goyal', 'ji', 'exempt', 'burnol', 'gst', 'basic', 'libera']",negative
93, RISE GST return filing has been made simpler for all taxpayers Here are the details Council GoI,"['rise', 'gst', 'return', 'filing', 'simpler', 'taxpayers', 'details', 'council', 'goi']",positive
94, RISE GST return filing has been made simpler for all taxpayers Here are the details Council GoI,"['rise', 'gst', 'return', 'filing', 'simpler', 'taxpayers', 'details', 'council', 'goi']",positive
95, GST Council Tax Audit Report changes out of syllabus aa gaya TaxAudit 3CD LifeOfACA,"['gst', 'council', 'tax', 'audit', 'report', 'changes', 'syllabus', 'aa', 'gaya', 'taxaudit', 'lifeofaca']",negative
96, RISE GST return filing has been made simpler for all taxpayers Here are the details Council GoI,"['rise', 'gst', 'return', 'filing', 'simpler', 'taxpayers', 'details', 'council', 'goi']",positive
97,Those who are going gaga over no GST on sanitary napkin should read this article Council should amend this to be,"['gaga', 'gst', 'sanitary', 'napkin', 'read', 'article', 'council', 'amend']",positive
98, GST Council Tax Audit Report changes out of syllabus aa gaya TaxAudit 3CD LifeOfACA,"['gst', 'council', 'tax', 'audit', 'report', 'changes', 'syllabus', 'aa', 'gaya', 'taxaudit', 'lifeofaca']",negative
99, RISE GST return filing has been made simpler for all taxpayers Here are the details Council GoI,"['rise', 'gst', 'return', 'filing', 'simpler', 'taxpayers', 'details', 'council', 'goi']",positive
100, RISE GST return filing has been made simpler for all taxpayers Here are the details Council GoI,"['rise', 'gst', 'return', 'filing', 'simpler', 'taxpayers', 'details', 'council', 'goi']",positive
101, RISE GST return filing has been made simpler for all taxpayers Here are the details Council GoI,"['rise', 'gst', 'return', 'filing', 'simpler', 'taxpayers', 'details', 'council', 'goi']",positive
102,BJPians are exposed whether illegal earning by Demo GST or by Bank chori Now enjoy next 10 years i,"['bjpians', 'exposed', 'illegal', 'earning', 'demo', 'gst', 'bank', 'chori', 'enjoy']",positive
103,GST return filing has been made simpler for all taxpayers Here are the details Council GoI,"['gst', 'return', 'filing', 'simpler', 'taxpayers', 'details', 'council', 'goi']",negative
104, The GST council has abolished tax on sanitary napkins Thank you to the FM and the gst council Thank you to the women w,"['gst', 'council', 'abolished', 'tax', 'sanitary', 'napkins', 'thank', 'fm', 'gst', 'council', 'thank', 'women']",negative
105,BJPians are exposed whether illegal earning by Demo GST or by Bank chori Now enjoy next 10 years i,"['bjpians', 'exposed', 'illegal', 'earning', 'demo', 'gst', 'bank', 'chori', 'enjoy']",positive
106, A Big Shoutout to amp for being sensitive towards issues related to women s health amp hygiene,"['shoutout', 'amp', 'sensitive', 'towards', 'issues', 'related', 'women', 'health', 'amp', 'hygiene']",negative
107,BJPians are exposed whether illegal earning by Demo GST or by Bank chori Now enjoy next 10 years in,"['bjpians', 'exposed', 'illegal', 'earning', 'demo', 'gst', 'bank', 'chori', 'enjoy']",positive
108, People Finally sanitary pads are exempt from GST Great step by govt This will make it affordable for the poors Me,"['people', 'finally', 'sanitary', 'pads', 'exempt', 'gst', 'step', 'govt', 'affordable', 'poors']",negative
109,BJP are exposed whether illegal earning by Demo GST or by Bank chori Now enjoy next 10 years in T,"['bjp', 'exposed', 'illegal', 'earning', 'demo', 'gst', 'bank', 'chori', 'enjoy']",positive
110,You are exposed whether illegal earning by Demo GST or by Bank chori Now enjoy next 10 years in,"['exposed', 'illegal', 'earning', 'demo', 'gst', 'bank', 'chori', 'enjoy']",positive
111, MoF officials finally checkmated as GST Council chaired for the first time by Finance Minister Piyush Goyal ignores,"['mof', 'officials', 'finally', 'checkmated', 'gst', 'council', 'chaired', 'time', 'finance', 'minister', 'piyush', 'goyal', 'ignores']",positive
112, People Finally sanitary pads are exempt from GST Great step by govt This will make it affordable for the poors Me,"['people', 'finally', 'sanitary', 'pads', 'exempt', 'gst', 'step', 'govt', 'affordable', 'poors']",negative
113,BJP totally exposed whether illegal earning by Demo GST or by Bank chori Now enjoy next 10 years in Tihar Prades,"['bjp', 'totally', 'exposed', 'illegal', 'earning', 'demo', 'gst', 'bank', 'chori', 'enjoy', 'tihar', 'prades']",positive
114, GST Changes Simplified,"['gst', 'changes', 'simplified']",positive
115,You are exposed whether illegal earning by Demo GST or by Bank chori Now enjoy next 10 years in Tiha,"['exposed', 'illegal', 'earning', 'demo', 'gst', 'bank', 'chori', 'enjoy', 'tiha']",positive
116,You are exposed whether illegal earning by Demo GST or by Bank chori Now enjoy next 10 years in Tihar,"['exposed', 'illegal', 'earning', 'demo', 'gst', 'bank', 'chori', 'enjoy', 'tihar']",positive
117, People Finally sanitary pads are exempt from GST Great step by govt This will make it affordable for the poors Me,"['people', 'finally', 'sanitary', 'pads', 'exempt', 'gst', 'step', 'govt', 'affordable', 'poors']",negative
118, Here is what brought tears of joy in AkshayKumar s eyes GSTCounc,"['brought', 'tears', 'joy', 'akshaykumar', 'eyes', 'gstcounc']",positive
119, GST Removed on Sanitary napkins This is actual Women Empowerment at its peak indeed a good endeavour Thank you,"['gst', 'removed', 'sanitary', 'napkins', 'actual', 'women', 'empowerment', 'peak', 'indeed', 'endeavour', 'thank']",negative
120, GST Council Tax Audit Report changes out of syllabus aa gaya TaxAudit 3CD LifeOfACA,"['gst', 'council', 'tax', 'audit', 'report', 'changes', 'syllabus', 'aa', 'gaya', 'taxaudit', 'lifeofaca']",negative
121, May I Request Shr Narendra Modi ji amp Piyush Goyal ji to Exempt Burnol from on GST This has become basic need for Libera,"['request', 'shr', 'narendra', 'modi', 'ji', 'amp', 'piyush', 'goyal', 'ji', 'exempt', 'burnol', 'gst', 'basic', 'libera']",negative
122, Tax experts say exemption for sanitary napkins may not lead to lower prices as input tax credit will be denied In Ju,"['tax', 'experts', 'exemption', 'sanitary', 'napkins', 'lead', 'lower', 'prices', 'input', 'tax', 'credit', 'denied', 'ju']",negative
123, GST Removed on Sanitary napkins This is actual Women Empowerment at its peak indeed a good endeavour Thank you,"['gst', 'removed', 'sanitary', 'napkins', 'actual', 'women', 'empowerment', 'peak', 'indeed', 'endeavour', 'thank']",negative
124,People Finally sanitary pads are exempt from GST Great step by govt This will make it affordable for the poor,"['people', 'finally', 'sanitary', 'pads', 'exempt', 'gst', 'step', 'govt', 'affordable', 'poor']",negative
125,GST Council Tax Audit Report changes out of syllabus aa gaya TaxAudit 3CD LifeOfACA,"['gst', 'council', 'tax', 'audit', 'report', 'changes', 'syllabus', 'aa', 'gaya', 'taxaudit', 'lifeofaca']",negative
126,Finally GOVT Concluded GST from SanitaryNapkins Great move AccheDin,"['finally', 'govt', 'concluded', 'gst', 'sanitarynapkins', 'move', 'acchedin']",negative
127,Himachal Pradesh CM welcomes GST Council s decision to cut rate on 88 items simplify return filing,"['himachal', 'pradesh', 'cm', 'welcomes', 'gst', 'council', 'decision', 'cut', 'rate', 'items', 'simplify', 'return', 'filing']",negative
128,GST Council s decision was very fair and will ensure that both hoteliers and consumers have clarity on the tax t,"['gst', 'council', 'decision', 'fair', 'ensure', 'hoteliers', 'consumers', 'clarity', 'tax']",negative
129, So as per Modi govt s decision to did away with GST on sanitary napkins will now vanish Indian Manufactu,"['modi', 'govt', 'decision', 'gst', 'sanitary', 'napkins', 'vanish', 'indian', 'manufactu']",positive
130, WATCH MP Tiruchi Siva of the DMK suggests removal of GST for sanitary napkins Rajya Sabha appreciates the suggestion March,"['watch', 'mp', 'tiruchi', 'siva', 'dmk', 'suggests', 'removal', 'gst', 'sanitary', 'napkins', 'rajya', 'sabha', 'appreciates', 'suggestion', 'march']",positive
131, WATCH MP Tiruchi Siva of the DMK suggests removal of GST for sanitary napkins Rajya Sabha appreciates the suggestion March,"['watch', 'mp', 'tiruchi', 'siva', 'dmk', 'suggests', 'removal', 'gst', 'sanitary', 'napkins', 'rajya', 'sabha', 'appreciates', 'suggestion', 'march']",positive
132, The Good amp Simple Tax GST is now more farmer friendly Welcome the decision to reduce tax rates on Biofuel pellets Etha,"['amp', 'simple', 'tax', 'gst', 'farmer', 'friendly', 'welcome', 'decision', 'reduce', 'tax', 'rates', 'biofuel', 'pellets', 'etha']",negative
133, A Big Shoutout to amp for being sensitive towards issues related to women s health amp hygiene,"['shoutout', 'amp', 'sensitive', 'towards', 'issues', 'related', 'women', 'health', 'amp', 'hygiene']",negative
134,Keep GST rate on lithium ion battery same as electric vehicles SMEV ElectricVehicles ElectricVehicle,"['gst', 'rate', 'lithium', 'ion', 'battery', 'electric', 'vehicles', 'smev', 'electricvehicles', 'electricvehicle']",negative
135,Keep GST rate on lithium ion battery same as electric vehicles SMEV,"['gst', 'rate', 'lithium', 'ion', 'battery', 'electric', 'vehicles', 'smev']",negative
136, So as per Modi govt s decision to did away with GST on sanitary napkins will now vanish Indian Manufactu,"['modi', 'govt', 'decision', 'gst', 'sanitary', 'napkins', 'vanish', 'indian', 'manufactu']",positive
137, Why no GST on sanitary napkins could actually make it costlier via,"['gst', 'sanitary', 'napkins', 'actually', 'costlier', 'via']",positive
138, The GST council has abolished tax on sanitary napkins Thank you to the FM and the gst council Thank you to the women w,"['gst', 'council', 'abolished', 'tax', 'sanitary', 'napkins', 'thank', 'fm', 'gst', 'council', 'thank', 'women']",negative
139,Govt open to further review of GST rates Rajnath,"['govt', 'review', 'gst', 'rates', 'rajnath']",negative
140, After empty boasts and endless PR even as the Govt scrambles to fix GST we are confronted with the monumental failure of,"['empty', 'boasts', 'endless', 'pr', 'govt', 'scrambles', 'fix', 'gst', 'confronted', 'monumental', 'failure']",negative
141, The Government finally realizes that Sanitary Napkins are not luxury for women Sanitary Napkins are exempted from GST a,"['government', 'finally', 'realizes', 'sanitary', 'napkins', 'luxury', 'women', 'sanitary', 'napkins', 'exempted', 'gst']",positive
142, A wonderful initiative towards women empowerment and also ensuring their health amp hygiene A big thank you to Shri,"['wonderful', 'initiative', 'towards', 'women', 'empowerment', 'ensuring', 'health', 'amp', 'hygiene', 'thank', 'shri']",negative
143, The Good amp Simple Tax GST is now more farmer friendly Welcome the decision to reduce tax rates on Biofuel pellets Etha,"['amp', 'simple', 'tax', 'gst', 'farmer', 'friendly', 'welcome', 'decision', 'reduce', 'tax', 'rates', 'biofuel', 'pellets', 'etha']",negative
144, MP Tiruchi Siva DMK suggests removal of GST for sanitary napkins Rajya Sabha appreciates the suggestion March 8 2018 Wo,"['mp', 'tiruchi', 'siva', 'dmk', 'suggests', 'removal', 'gst', 'sanitary', 'napkins', 'rajya', 'sabha', 'appreciates', 'suggestion', 'march', 'wo']",positive
145, Decision to exempt sanitary napkins from GST was taken today at 28th GSTCouncilMeet This will help innumerable women a,"['decision', 'exempt', 'sanitary', 'napkins', 'gst', 'gstcouncilmeet', 'help', 'innumerable', 'women']",negative
146, GST on Bamboo flooring was reduced to 12 at the 28th GSTCouncilMeet today This was one of the proposals presented by,"['gst', 'bamboo', 'flooring', 'reduced', 'gstcouncilmeet', 'proposals']",positive
147, No GST on sanitarynapkins now GSTCouncilMeet approved the demand of Maharashtra IN today s 28th council meeting in,"['gst', 'sanitarynapkins', 'gstcouncilmeet', 'approved', 'demand', 'maharashtra', 'council', 'meeting']",positive
148, GST Removed on Sanitary napkins This is actual Women Empowerment at its peak indeed a good endeavour Thank you,"['gst', 'removed', 'sanitary', 'napkins', 'actual', 'women', 'empowerment', 'peak', 'indeed', 'endeavour', 'thank']",negative
149, GST Removed on Sanitary napkins This is actual Women Empowerment at its peak indeed a good endeavour Thank you,"['gst', 'removed', 'sanitary', 'napkins', 'actual', 'women', 'empowerment', 'peak', 'indeed', 'endeavour', 'thank']",negative
150, Why no GST on sanitary napkins could actually make it costlier via,"['gst', 'sanitary', 'napkins', 'actually', 'costlier', 'via']",positive
151, MoF officials finally checkmated as GST Council chaired for the first time by Finance Minister Piyush Goyal ignores,"['mof', 'officials', 'finally', 'checkmated', 'gst', 'council', 'chaired', 'time', 'finance', 'minister', 'piyush', 'goyal', 'ignores']",positive
152, The announcement by the Govt on allowing hotels to charge GST on actual tariff and not on published tariff is a very positi,"['announcement', 'govt', 'allowing', 'hotels', 'charge', 'gst', 'actual', 'tariff', 'published', 'tariff', 'positi']",neutral
153, Why no GST on sanitary napkins could actually make it costlier via,"['gst', 'sanitary', 'napkins', 'actually', 'costlier', 'via']",positive
154, marketupdate nifty50 manage to stay at 11000 Bata stocks are trading hire 5 amp Havells share gains up to 8 Mark,"['marketupdate', 'nifty50', 'manage', 'stay', 'bata', 'stocks', 'trading', 'hire', 'amp', 'havells', 'share', 'gains', 'mark']",neutral
155,Simplified GST Return Process TGI goodsandservicestax goodsandservicestax gstcouncil,"['simplified', 'gst', 'return', 'process', 'tgi', 'goodsandservicestax', 'goodsandservicestax', 'gstcouncil']",positive
156,28th GST Council Updates A Quick Read TGI goodsandservicestax canikhiljhanwar,"['gst', 'council', 'updates', 'quick', 'read', 'tgi', 'goodsandservicestax', 'canikhiljhanwar']",positive
157,GST Advance Ruling Mechanism TGI goodsandservicestax advanceruling goodsandservicestax,"['gst', 'advance', 'ruling', 'mechanism', 'tgi', 'goodsandservicestax', 'advanceruling', 'goodsandservicestax']",negative
158,Recommendations of 28th GST Council Meeting Whats good amp whats not TGI,"['recommendations', 'gst', 'council', 'meeting', 'whats', 'amp', 'whats', 'tgi']",negative
159,28th GST council meeting Recommendations and it s impact in business TGI,"['gst', 'council', 'meeting', 'recommendations', 'impact', 'business', 'tgi']",positive
160, Why no GST on sanitary napkins could actually make it costlier via,"['gst', 'sanitary', 'napkins', 'actually', 'costlier', 'via']",positive
161, The GST Council has reduced the GST rate on lithium ion batteries for ElectricVehicles from 28 per cent to 18 per cent,"['gst', 'council', 'reduced', 'gst', 'rate', 'lithium', 'ion', 'batteries', 'electricvehicles', 'cent', 'cent']",negative
162, Some men manginas don t stand up for men s issues enthusiastically bcoz they r scared of Feminists soo much scared t,"['manginas', 'don', 'stand', 'issues', 'enthusiastically', 'bcoz', 'scared', 'feminists', 'soo', 'scared']",negative
163,Taxman Alert eCommerce Companies May Face Audit On GST Rate Cuts taxation GST,"['taxman', 'alert', 'ecommerce', 'companies', 'audit', 'gst', 'rate', 'cuts', 'taxation', 'gst']",negative
164,All women activists amp feminists should be happy for succeeding in getting GST removed on Sanitary Pads,"['women', 'activists', 'amp', 'feminists', 'happy', 'succeeding', 'getting', 'gst', 'removed', 'sanitary', 'pads']",negative
165, The GST rate rationalisation is in keeping with the principles of prudence good economics amp Sabka Saath Sabka Vikas a,"['gst', 'rate', 'rationalisation', 'keeping', 'principles', 'prudence', 'economics', 'amp', 'sabka', 'saath', 'sabka', 'vikas']",positive
166, Under the dynamic leadership of PM Ji Synthetic textile manufactures announce to cut prices of their produ,"['dynamic', 'leadership', 'pm', 'ji', 'synthetic', 'textile', 'manufactures', 'announce', 'cut', 'prices', 'produ']",neutral
167,Why no GST on sanitary napkins could actually make it costlier via,"['gst', 'sanitary', 'napkins', 'actually', 'costlier', 'via']",positive
168, Allowing hotels to charge GST on actual tariff is very positive This has been a demand of industry amp we r indeed grateful to,"['allowing', 'hotels', 'charge', 'gst', 'actual', 'tariff', 'positive', 'demand', 'industry', 'amp', 'indeed', 'grateful']",positive
169, May I Request Shr Narendra Modi ji amp Piyush Goyal ji to Exempt Burnol from on GST This has become basic need for Libera,"['request', 'shr', 'narendra', 'modi', 'ji', 'amp', 'piyush', 'goyal', 'ji', 'exempt', 'burnol', 'gst', 'basic', 'libera']",negative
170, So as per Modi govt s decision to did away with GST on sanitary napkins will now vanish Indian Manufactu,"['modi', 'govt', 'decision', 'gst', 'sanitary', 'napkins', 'vanish', 'indian', 'manufactu']",positive
171, A Big Shoutout to amp for being sensitive towards issues related to women s health amp hygiene,"['shoutout', 'amp', 'sensitive', 'towards', 'issues', 'related', 'women', 'health', 'amp', 'hygiene']",negative
172, Why shouldn t be PM JanDhan OROP GST demonetisation SwachhBharath MakeInIndia Ujwala Saubhag,"['shouldn', 'pm', 'jandhan', 'orop', 'gst', 'demonetisation', 'swachhbharath', 'makeinindia', 'ujwala', 'saubhag']",negative
173,The GST Regime is complicated n needs to be abolished,"['gst', 'regime', 'complicated', 'abolished']",negative
174, GST Removed on Sanitary napkins This is actual Women Empowerment at its peak indeed a good endeavour Thank you,"['gst', 'removed', 'sanitary', 'napkins', 'actual', 'women', 'empowerment', 'peak', 'indeed', 'endeavour', 'thank']",negative
175, Why shouldn t be PM JanDhan OROP GST demonetisation SwachhBharath MakeInIndia Ujwala Saubhag,"['shouldn', 'pm', 'jandhan', 'orop', 'gst', 'demonetisation', 'swachhbharath', 'makeinindia', 'ujwala', 'saubhag']",negative
176,Private consumption may get an added kick after a cut in indirect tax rates for a number of consumer goods GST,"['private', 'consumption', 'added', 'kick', 'cut', 'indirect', 'tax', 'rates', 'consumer', 'gst']",negative
177,End of Day Wrap up Monday July 23 2018 GST GSTCouncil profit PiramalCapital Samhi SBI PNB LIC IT,"['day', 'wrap', 'monday', 'july', 'gst', 'gstcouncil', 'profit', 'piramalcapital', 'samhi', 'sbi', 'pnb', 'lic']",negative
178, Some men manginas don t stand up for men s issues enthusiastically bcoz they r scared of Feminists soo much scared t,"['manginas', 'don', 'stand', 'issues', 'enthusiastically', 'bcoz', 'scared', 'feminists', 'soo', 'scared']",negative
179,DidYouKnow Helpful tips for all ClearTax GST software users,"['didyouknow', 'helpful', 'tips', 'cleartax', 'gst', 'software', 'users']",neutral
180, WATCH MP Tiruchi Siva of the DMK suggests removal of GST for sanitary napkins Rajya Sabha appreciates the suggestion March,"['watch', 'mp', 'tiruchi', 'siva', 'dmk', 'suggests', 'removal', 'gst', 'sanitary', 'napkins', 'rajya', 'sabha', 'appreciates', 'suggestion', 'march']",positive
181,Have spoken to more than a thousand persons in Chhattisgarh in last two months GST is getting a thunbs down,"['spoken', 'thousand', 'persons', 'chhattisgarh', 'months', 'gst', 'getting', 'thunbs']",positive
182, Germany Yes Big Win for Woman across the Nation AGAINST none other than Modi Govt GST,"['germany', 'yes', 'win', 'woman', 'nation', 'none', 'modi', 'govt', 'gst']",negative
183, Some men manginas don t stand up for men s issues enthusiastically bcoz they r scared of Feminists soo much scared t,"['manginas', 'don', 'stand', 'issues', 'enthusiastically', 'bcoz', 'scared', 'feminists', 'soo', 'scared']",negative
184, Feminine hygiene now tax free in India Sanitary napkins out of GST net Periods Happy Independence day Thank you,"['feminine', 'hygiene', 'tax', 'free', 'india', 'sanitary', 'napkins', 'gst', 'net', 'periods', 'happy', 'independence', 'day', 'thank']",neutral
185, GST tax slabs are lesser irritants than the design and systems Even medium kirana shops are to shell out Rs 8 10 PM to h,"['gst', 'tax', 'slabs', 'lesser', 'irritants', 'design', 'systems', 'medium', 'kirana', 'shops', 'shell', 'rs', 'pm']",positive
186,GST tax slabs are lesser irritants than the design and systems Even medium kirana shops are to shell out Rs 8 10,"['gst', 'tax', 'slabs', 'lesser', 'irritants', 'design', 'systems', 'medium', 'kirana', 'shops', 'shell', 'rs']",positive
187, MoF officials finally checkmated as GST Council chaired for the first time by Finance Minister Piyush Goyal ignores,"['mof', 'officials', 'finally', 'checkmated', 'gst', 'council', 'chaired', 'time', 'finance', 'minister', 'piyush', 'goyal', 'ignores']",positive
188, After empty boasts and endless PR even as the Govt scrambles to fix GST we are confronted with the monumental failure of,"['empty', 'boasts', 'endless', 'pr', 'govt', 'scrambles', 'fix', 'gst', 'confronted', 'monumental', 'failure']",negative
189, GST Removed on Sanitary napkins This is actual Women Empowerment at its peak indeed a good endeavour Thank you,"['gst', 'removed', 'sanitary', 'napkins', 'actual', 'women', 'empowerment', 'peak', 'indeed', 'endeavour', 'thank']",negative
190, Now only 35 goods in highest tax bracket of GST For more businessNews watch Topline,"['tax', 'bracket', 'gst', 'businessnews', 'watch', 'topline']",negative
191, Election tilt GST Council s rush job angers some FMs of Opposition ruled states who called the process undemocratic unplea,"['election', 'tilt', 'gst', 'council', 'rush', 'job', 'angers', 'fms', 'opposition', 'ruled', 'called', 'process', 'undemocratic', 'unplea']",positive
192, Removing GST from sanitarynapkins was long overdue Good to know the correction has happened finally Now upto Governm,"['removing', 'gst', 'sanitarynapkins', 'overdue', 'correction', 'happened', 'finally', 'upto', 'governm']",positive
193, So as per Modi govt s decision to did away with GST on sanitary napkins will now vanish Indian Manufactu,"['modi', 'govt', 'decision', 'gst', 'sanitary', 'napkins', 'vanish', 'indian', 'manufactu']",positive
194, With just 60 65 percent GST compliance few takers for Composition Scheme and MSME hit at the core govt in,"['percent', 'gst', 'compliance', 'takers', 'composition', 'scheme', 'msme', 'hit', 'core', 'govt']",negative
195, MoF officials finally checkmated as GST Council chaired for the first time by Finance Minister Piyush Goyal ignores,"['mof', 'officials', 'finally', 'checkmated', 'gst', 'council', 'chaired', 'time', 'finance', 'minister', 'piyush', 'goyal', 'ignores']",positive
196, With just 60 65 percent GST compliance few takers for Composition Scheme and MSME hit at the core govt in,"['percent', 'gst', 'compliance', 'takers', 'composition', 'scheme', 'msme', 'hit', 'core', 'govt']",negative
197,With just 60 65 percent GST compliance few takers for Composition Scheme and MSME hit at the core g,"['percent', 'gst', 'compliance', 'takers', 'composition', 'scheme', 'msme', 'hit', 'core']",positive
198, May I Request Shr Narendra Modi ji amp Piyush Goyal ji to Exempt Burnol from on GST This has become basic need for Libera,"['request', 'shr', 'narendra', 'modi', 'ji', 'amp', 'piyush', 'goyal', 'ji', 'exempt', 'burnol', 'gst', 'basic', 'libera']",negative
