,time,tweets
0,2018-07-23 15:40:43, MobLynching is word corruptcongress using to defame modisarkar but in vain
1,2018-07-23 15:36:59,MobLynching is word corruptcongress using to defame modisarkar but in vain
2,2018-07-23 12:45:59, Summary of what Hon ble PM ji did to PongaPandit amp all his Pidis amp his TukdeTukdeGang members in
3,2018-07-23 10:08:01, FranklySpeak This is truly people s government ModiSarkar Every ethically right demand of India s daughters and sons has been a
4,2018-07-23 09:36:10,wiser politicians would have never touched a subject like CowVigilantism But in order for quick popularity
5,2018-07-23 09:33:01,welcome to the land of lawlessness welcome to rajashtan lynching humanity modisarkar
6,2018-07-23 08:32:05, FranklySpeak This is truly people s government ModiSarkar Every ethically right demand of India s daughters and sons has been a
7,2018-07-23 08:05:37, Summary of what Hon ble PM ji did to PongaPandit amp all his Pidis amp his TukdeTukdeGang members in
8,2018-07-23 07:51:37,Depends on pappu if he campaign extensively modisarkar
9,2018-07-23 03:29:32,ModiSarkar reaches every nook and corners of the country
10,2018-07-23 02:31:47, Our Generation Next wants to do business in ethical way Our ministers and leaders are working day and night to build
11,2018-07-22 19:11:02, 71
12,2018-07-22 18:48:29, FranklySpeak This is truly people s government ModiSarkar Every ethically right demand of India s daughters and sons has been a
13,2018-07-22 18:10:33,1 thing is clear after NoConfidenceMotion debate ModiSarkar Jis raaste se aayi thi Usi raaste se Sat
14,2018-07-22 17:52:52,Although I want ModiSarkar again but it s never a good idea to celebrate too early
15,2018-07-22 17:07:51,Over 2833 incidents of communal violence reported in last three years NationalCrimeRecordsBureau achchedin ModiSarkar
16,2018-07-22 15:53:15,Under modisarkar carpets have become thinner lighter and can be used as curtains
17,2018-07-22 15:19:24,Since yogiadityanath has come to power UP PWD is hiring engineers with fake degrees and guys who even failed their
18,2018-07-22 14:05:38,The narrative being created is that ModiSarkar is spreading hate There is fear in India and there is no
19,2018-07-22 13:45:26,1 thing is clear after NoConfidenceMotion debate ModiSarkar Jis raaste se aayi thi Usi raaste se Satta se Jaaygi
20,2018-07-22 12:43:39, FranklySpeak This is truly people s government ModiSarkar Every ethically right demand of India s daughters and sons has been a
21,2018-07-22 12:08:13,Modi ModiSarkar removes SanitaryNapkins from GST thanks 2 our Nationalistic HERO ONE AND ONLY
22,2018-07-22 11:38:04, As always in few a direct words tears apart ModiSarkar NoConfidenceMotion
23,2018-07-22 10:26:51,Well donee MODI sir We love and support MODI PrimeMinister lovemodi modisarkar BJP india IncredibleIndia starup
24,2018-07-22 10:21:45, Congress may again introduce NoConfidenceMotion against ModiSarkar in Parliament to erase winking scene from mind of peop
25,2018-07-22 10:16:15, Congress may again introduce NoConfidenceMotion against ModiSarkar in Parliament to erase winking scene from mind of peop
26,2018-07-22 10:04:17, Congress may again introduce NoConfidenceMotion against ModiSarkar in Parliament to erase winking scene from mind of peop
27,2018-07-22 09:58:56,Congress may again introduce NoConfidenceMotion against ModiSarkar in Parliament to erase winking scene from mind of people
28,2018-07-22 09:24:26, pv Did ModiSarkar took single any initiative in Indias R amp D space to create New Technology By India for India By India for th
29,2018-07-22 08:49:20, One more HusbandSuicide is on ModiSarkar He found that his wife committed Adultery but he was threatened with 498a
30,2018-07-22 08:48:48, One more HusbandSuicide is on ModiSarkar He found that his wife committed Adultery but he was threatened with 498a
31,2018-07-22 08:22:03, sir i want to say that there are many misunderstandings about your modisarkar Some of our society spre
32,2018-07-22 08:18:07,Don t understand why every minister is thanking the PM for GSTFreeSanitaryNapkins It isn t like that gst was imp
33,2018-07-22 08:17:23,sir i want to say that there are many misunderstandings about your modisarkar Some of our society s
34,2018-07-22 08:06:09,AjayKumar Advocate amp President WorldParliament welcoming the guest at World Parliament Conclave VK Mishra Cha
35,2018-07-22 08:05:48,AjayKumar Advocate amp President WorldParliament welcoming the guest at World Parliament Conclave VK Mishra Cha
36,2018-07-22 07:28:45, The Government of India allowed the Office of Free Baluchistan in Delhi Pakistan has been shocked in India s efforts Mo
37,2018-07-22 06:48:07, FranklySpeak This is truly people s government ModiSarkar Every ethically right demand of India s daughters and sons has been a
38,2018-07-22 06:45:39, One more HusbandSuicide is on ModiSarkar He found that his wife committed Adultery but he was threatened with 498a
39,2018-07-22 05:44:35, FranklySpeak This is truly people s government ModiSarkar Every ethically right demand of India s daughters and sons has been a
40,2018-07-22 04:42:07,The Government of India allowed the Office of Free Baluchistan in Delhi Pakistan has been shocked in India s effo
41,2018-07-22 03:40:41, pv Did ModiSarkar took single any initiative in Indias R amp D space to create New Technology By India for India By India for th
42,2018-07-22 03:33:50, One more HusbandSuicide is on ModiSarkar He found that his wife committed Adultery but he was threatened with 498a
43,2018-07-22 03:26:27, One more HusbandSuicide is on ModiSarkar He found that his wife committed Adultery but he was threatened with 498a
44,2018-07-22 03:17:38, Centre opposes plea in SC that seeks to make women also liable for crime of adultery JusticeForAl
45,2018-07-22 03:17:30, ModiSarkar is lobotomized and can t accept that Women can do crime They countered in the SC that women cant be char
46,2018-07-22 03:13:15, One more HusbandSuicide is on ModiSarkar He found that his wife committed Adultery but he was threatened with 498a
47,2018-07-22 03:10:58, FranklySpeak This is truly people s government ModiSarkar Every ethically right demand of India s daughters and sons has been a
48,2018-07-22 03:08:10,Did ModiSarkar took single any initiative in Indias R amp D space to create New Technology By India for India By Ind
49,2018-07-22 03:03:05, FranklySpeak This is truly people s government ModiSarkar Every ethically right demand of India s daughters and sons has been a
50,2018-07-22 02:51:40,By Refusing to be transparent on RafaleDeal price and removal of Tech Transfer to HAL to make future fighters in I
51,2018-07-22 02:16:37, womenempowerment is one of the top priorities of modisarkar thanks modiji
52,2018-07-22 02:10:03,womenempowerment is one of the top priorities of modisarkar thanks modiji
53,2018-07-22 01:51:53, FranklySpeak This is truly people s government ModiSarkar Every ethically right demand of India s daughters and sons has been a
54,2018-07-22 00:30:59, FranklySpeak This is truly people s government ModiSarkar Every ethically right demand of India s daughters and sons has been a
55,2018-07-22 00:29:43, FranklySpeak This is truly people s government ModiSarkar Every ethically right demand of India s daughters and sons has been a
56,2018-07-21 20:08:31,why dont you bring the petrol and diesel into gst All things are use
57,2018-07-21 19:13:04, As always in few a direct words tears apart ModiSarkar NoConfidenceMotion
58,2018-07-21 19:00:06,ModiSarkar Sirs since you have already serviced all intl debt commit
59,2018-07-21 18:56:58, FranklySpeak This is truly people s government ModiSarkar Every ethically right demand of India s daughters and sons has been a
60,2018-07-21 18:54:58, FranklySpeak This is truly people s government ModiSarkar Every ethically right demand of India s daughters and sons has been a
61,2018-07-21 18:53:44, FranklySpeak This is truly people s government ModiSarkar Every ethically right demand of India s daughters and sons has been a
62,2018-07-21 18:52:58, As always in few a direct words tears apart ModiSarkar NoConfidenceMotion
63,2018-07-21 18:20:10, As always in few a direct words tears apart ModiSarkar NoConfidenceMotion
64,2018-07-21 18:17:47,Yes they were watching which is why French Govt provided the clarification
65,2018-07-21 17:48:17, FranklySpeak This is truly people s government ModiSarkar Every ethically right demand of India s daughters and sons has been a
66,2018-07-21 17:36:44, We also need a counter narrative a vision for India with action plan for all the failures of ModiSarkar amp providing
67,2018-07-21 17:33:34, FranklySpeak This is truly people s government ModiSarkar Every ethically right demand of India s daughters and sons has been a
68,2018-07-21 17:05:31, FranklySpeak This is truly people s government ModiSarkar Every ethically right demand of India s daughters and sons has been a
69,2018-07-21 17:05:16, FranklySpeak This is truly people s government ModiSarkar Every ethically right demand of India s daughters and sons has been a
70,2018-07-21 17:04:42, BetiBachao was launched by ModiSarkar in Haryana And the state has become a horror state for women When will they
71,2018-07-21 16:55:36, FranklySpeak This is truly people s government ModiSarkar Every ethically right demand of India s daughters and sons has been a
72,2018-07-21 16:54:55, FranklySpeak This is truly people s government ModiSarkar Every ethically right demand of India s daughters and sons has been a
73,2018-07-21 16:46:02, FranklySpeak This is truly people s government ModiSarkar Every ethically right demand of India s daughters and sons has been a
74,2018-07-21 16:44:39, FranklySpeak This is truly people s government ModiSarkar Every ethically right demand of India s daughters and sons has been a
75,2018-07-21 16:40:29, FranklySpeak This is truly people s government ModiSarkar Every ethically right demand of India s daughters and sons has been a
76,2018-07-21 16:37:22, As always in few a direct words tears apart ModiSarkar NoConfidenceMotion
77,2018-07-21 16:32:28, FranklySpeak This is truly people s government ModiSarkar Every ethically right demand of India s daughters and sons has been a
78,2018-07-21 16:26:30, FranklySpeak This is truly people s government ModiSarkar Every ethically right demand of India s daughters and sons has been a
79,2018-07-21 16:25:20, FranklySpeak This is truly people s government ModiSarkar Every ethically right demand of India s daughters and sons has been a
80,2018-07-21 16:25:16, FranklySpeak This is truly people s government ModiSarkar Every ethically right demand of India s daughters and sons has been a
81,2018-07-21 16:21:13, FranklySpeak This is truly people s government ModiSarkar Every ethically right demand of India s daughters and sons has been a
82,2018-07-21 16:21:12, FranklySpeak This is truly people s government ModiSarkar Every ethically right demand of India s daughters and sons has been a
83,2018-07-21 16:20:50,This is truly people s government ModiSarkar Every ethically right demand of India s daughters and sons has b
84,2018-07-21 15:34:45,ModiSarkar Mr PM please declare treason publically anti state instigating speeches as dis
85,2018-07-21 15:31:43,in i will stand by ModiSarkar firmer and taller if he declare lynching as violation of ind
86,2018-07-21 14:58:36, wonderful decision eva its commendable ma am every girl shud hv access to sanitary napkins n
87,2018-07-21 14:58:01,wonderful decision eva its commendable ma am every girl shud hv access to sanitary n
88,2018-07-21 13:37:03,So as per Rahul Kanwal the biggest interest of Nationalist sarkar is to protect French compa
89,2018-07-21 13:06:38,womenempowerment is top priorities of modisarkar
90,2018-07-21 12:51:05,If you look at his tweets I know I have you won t find a single tweet from him as a finance ministe
91,2018-07-21 12:38:41, IndiaTrustsModi NoConfidenceMotion A fool can hug But A hug cannot fool Aab ki baar 400 paar For ModiSarkar
92,2018-07-21 12:37:39,IndiaTrustsModi NoConfidenceMotion A fool can hug But A hug cannot fool Aab ki baar 400 paar For ModiSarkar
93,2018-07-21 11:32:34, As always in few a direct words tears apart ModiSarkar NoConfidenceMotion
94,2018-07-21 09:59:55, As always in few a direct words tears apart ModiSarkar NoConfidenceMotion
95,2018-07-21 09:53:21,Maybe RahulGandhi time has come as a senior editor dedicates a full article about him But what we s
96,2018-07-21 09:50:20,We also need a counter narrative a vision for India with action plan for all the failures of ModiSarkar amp provid
97,2018-07-21 09:32:28, As always in few a direct words tears apart ModiSarkar NoConfidenceMotion
98,2018-07-21 09:30:21,whatsapp does walk the talk They limit the forward option to restrict passing of fakenews Bdw how will the po
99,2018-07-21 09:19:43, As always in few a direct words tears apart ModiSarkar NoConfidenceMotion
100,2018-07-21 09:03:31, Summary of what Hon ble PM ji did to PongaPandit amp all his Pidis amp his TukdeTukdeGang members in
101,2018-07-21 08:12:13,We may like it or not but the reality is MobLynching will continue happening not just because the government to
102,2018-07-21 08:02:14, Summary of what Hon ble PM ji did to PongaPandit amp all his Pidis amp his TukdeTukdeGang members in
103,2018-07-21 07:53:10, As always in few a direct words tears apart ModiSarkar NoConfidenceMotion
104,2018-07-21 07:18:41, BetiBachao was launched by ModiSarkar in Haryana And the state has become a horror state for women When will they
105,2018-07-21 07:18:21,Good days under ModiSarkar Man lynched by Hindu Terrorists
106,2018-07-21 07:11:32, ji Is Rs520Crore FighterJet costing 1600Crore under ModiSarkar amp Industrial House will earn Rs45000 Cro
107,2018-07-21 07:05:39, As always in few a direct words tears apart ModiSarkar NoConfidenceMotion
108,2018-07-21 06:59:18,Again proves that the whole JNU scene involving KanhaiyaKumar was a fabricated lie pushed by few channels and
109,2018-07-21 06:54:51,CowTerrorism is an undeniable achievement of ModiSarkar
110,2018-07-21 06:44:32,Union minister thus says that in India there exists no police to help curb MobLynching and his govt is incapable o
111,2018-07-21 06:38:43, BetiBachao was launched by ModiSarkar in Haryana And the state has become a horror state for women When will they
112,2018-07-21 06:29:58, ji Is Rs520Crore FighterJet costing 1600Crore under ModiSarkar amp Industrial House will earn Rs45000 Cro
113,2018-07-21 06:26:08, As always in few a direct words tears apart ModiSarkar NoConfidenceMotion
114,2018-07-21 06:13:41, They tried to topple the Modi Govt on Friday and what happened NDA Govt came through stronger with even more seats Moditr
115,2018-07-21 06:13:07,BetiBachao was launched by ModiSarkar in Haryana And the state has become a horror state for women When will t
116,2018-07-21 06:11:26,They tried to topple the Modi Govt on Friday and what happened NDA Govt came through stronger with even more seats
117,2018-07-21 06:11:18, ji Is Rs520Crore FighterJet costing 1600Crore under ModiSarkar amp Industrial House will earn Rs45000 Cro
118,2018-07-21 06:02:12,When will NewIndia under ModiSarkar become less horrific and shameful When will they end their JumlaStrike amp do
119,2018-07-21 06:01:18, ji Is Rs520Crore FighterJet costing 1600Crore under ModiSarkar amp Industrial House will earn Rs45000 Cro
120,2018-07-21 06:00:32,Who is the worst of them all for their respective position in ModiSarkar
121,2018-07-21 05:59:58, As always in few a direct words tears apart ModiSarkar NoConfidenceMotion
122,2018-07-21 05:58:26, ji Is Rs520Crore FighterJet costing 1600Crore under ModiSarkar amp Industrial House will earn Rs45000 Cro
123,2018-07-21 05:57:54, ji Is Rs520Crore FighterJet costing 1600Crore under ModiSarkar amp Industrial House will earn Rs45000 Cro
124,2018-07-21 05:57:49, ji Is Rs520Crore FighterJet costing 1600Crore under ModiSarkar amp Industrial House will earn Rs45000 Cro
125,2018-07-21 05:57:00,ji Is Rs520Crore FighterJet costing 1600Crore under ModiSarkar amp Industrial House will earn Rs45000 Crore from the deal
126,2018-07-21 05:14:59, As always in few a direct words tears apart ModiSarkar NoConfidenceMotion
127,2018-07-21 05:08:08,Ye raha report card ModiSarkar Zindabad
128,2018-07-21 03:44:33, As always in few a direct words tears apart ModiSarkar NoConfidenceMotion
129,2018-07-21 03:31:10, Summary of what Hon ble PM ji did to PongaPandit amp all his Pidis amp his TukdeTukdeGang members in
130,2018-07-21 03:25:35, I AM say to everyone my Frinds we will spot modi ji for 2024 bcoz 2019 have been modi ji will win so we are focus on 2
131,2018-07-21 03:23:42,I AM say to everyone my Frinds we will spot modi ji for 2024 bcoz 2019 have been modi ji will win so we are focus o
132,2018-07-21 03:02:36,RahulGandhi rattled by RSS Why he keeps repeating RSS RSS RSS all u sickrulers can join hands 2 defeat Modi
133,2018-07-21 02:48:08, As always in few a direct words tears apart ModiSarkar NoConfidenceMotion
134,2018-07-21 02:46:17,Vishnu your covert motto of leaking the war machine technologies to pakistan thro your channel will ne
135,2018-07-21 01:42:25, As always in few a direct words tears apart ModiSarkar NoConfidenceMotion
136,2018-07-21 01:35:05, As always in few a direct words tears apart ModiSarkar NoConfidenceMotion
137,2018-07-21 01:18:02, As always in few a direct words tears apart ModiSarkar NoConfidenceMotion
138,2018-07-21 01:02:41, As always in few a direct words tears apart ModiSarkar NoConfidenceMotion
139,2018-07-21 00:59:24,Whatever congress has done it s nothing compared to wholesale asset stripping of IndiaInc by ModiSarkar His Boll
140,2018-07-21 00:59:14,Whatever congress has done it s nothing compared to wholesale asset stripping of IndiaInc by ModiSarkar
141,2018-07-21 00:41:56, As always in few a direct words tears apart ModiSarkar NoConfidenceMotion
142,2018-07-20 22:35:19, As always in few a direct words tears apart ModiSarkar NoConfidenceMotion
143,2018-07-20 21:36:10, As always in few a direct words tears apart ModiSarkar NoConfidenceMotion
144,2018-07-20 21:06:14, Tru Ppl of AP wud definitely punish TDP amp ChandraBabuNaidu who won due 2 NaMo s hardwork TDPs Blackmailin amp A
145,2018-07-20 21:06:07,Tru Ppl of AP wud definitely punish TDP amp ChandraBabuNaidu who won due 2 NaMo s hardwork TDPs Blackm
146,2018-07-20 20:40:35, As always in few a direct words tears apart ModiSarkar NoConfidenceMotion
147,2018-07-20 20:25:54, As always in few a direct words tears apart ModiSarkar NoConfidenceMotion
148,2018-07-20 19:53:07, Summary of what Hon ble PM ji did to PongaPandit amp all his Pidis amp his TukdeTukdeGang members in
149,2018-07-20 19:19:30, Summary of what Hon ble PM ji did to PongaPandit amp all his Pidis amp his TukdeTukdeGang members in
150,2018-07-20 19:14:11, As always in few a direct words tears apart ModiSarkar NoConfidenceMotion
151,2018-07-20 19:09:54, Summary of what Hon ble PM ji did to PongaPandit amp all his Pidis amp his TukdeTukdeGang members in
152,2018-07-20 19:04:39, As always in few a direct words tears apart ModiSarkar NoConfidenceMotion
153,2018-07-20 19:01:18, Summary of what Hon ble PM ji did to PongaPandit amp all his Pidis amp his TukdeTukdeGang members in
154,2018-07-20 18:59:25, As always in few a direct words tears apart ModiSarkar NoConfidenceMotion
155,2018-07-20 18:50:20, Giving an opportunity to place before the nation the good deeds of his Government was a great gesture by
156,2018-07-20 18:46:57, As always in few a direct words tears apart ModiSarkar NoConfidenceMotion
157,2018-07-20 18:40:55, As always in few a direct words tears apart ModiSarkar NoConfidenceMotion
158,2018-07-20 18:33:50, As always in few a direct words tears apart ModiSarkar NoConfidenceMotion
159,2018-07-20 18:23:11, As always in few a direct words tears apart ModiSarkar NoConfidenceMotion
160,2018-07-20 18:22:09, Summary of what Hon ble PM ji did to PongaPandit amp all his Pidis amp his TukdeTukdeGang members in
161,2018-07-20 18:19:46,agli bar firse ModiSarkar congrats to and the people s representatives have voted for
162,2018-07-20 18:17:43, As always in few a direct words tears apart ModiSarkar NoConfidenceMotion
163,2018-07-20 18:17:13, IndiaTrustsModi we are with you sir ji Modi ModiFor2019 ModiSarkar
164,2018-07-20 18:15:39, As always in few a direct words tears apart ModiSarkar NoConfidenceMotion
165,2018-07-20 18:15:23, Summary of what Hon ble PM ji did to PongaPandit amp all his Pidis amp his TukdeTukdeGang members in
166,2018-07-20 18:13:41, As always in few a direct words tears apart ModiSarkar NoConfidenceMotion
167,2018-07-20 18:10:13, Summary of what Hon ble PM ji did to PongaPandit amp all his Pidis amp his TukdeTukdeGang members in
168,2018-07-20 18:07:35, As always in few a direct words tears apart ModiSarkar NoConfidenceMotion
169,2018-07-20 18:07:25,IndiaTrustsModi we are with you sir ji Modi ModiFor2019 ModiSarkar
170,2018-07-20 18:07:04, As always in few a direct words tears apart ModiSarkar NoConfidenceMotion
171,2018-07-20 18:03:47, As always in few a direct words tears apart ModiSarkar NoConfidenceMotion
172,2018-07-20 18:02:11, Summary of what Hon ble PM ji did to PongaPandit amp all his Pidis amp his TukdeTukdeGang members in
173,2018-07-20 17:56:58, 0 Thanks to NaMoTrustVote amp IndiaTrustsModi due to the ill intended NoConfidenceMotion my confidence and faith in Shri
174,2018-07-20 17:55:57, As always in few a direct words tears apart ModiSarkar NoConfidenceMotion
175,2018-07-20 17:50:56,Thanks for Shri ji and the people who put forwarded the NoConfidenceMotion You people have
176,2018-07-20 17:45:48, As always in few a direct words tears apart ModiSarkar NoConfidenceMotion
177,2018-07-20 17:42:09, Summary of what Hon ble PM ji did to PongaPandit amp all his Pidis amp his TukdeTukdeGang members in
178,2018-07-20 17:40:52, As always in few a direct words tears apart ModiSarkar NoConfidenceMotion
179,2018-07-20 17:39:33,Ohk Voting Time ROUND 2 AVR System NoConfidenceMotion Ayes 126 Nays 325 Cowards ps No Absentees
180,2018-07-20 17:39:20, As always in few a direct words tears apart ModiSarkar NoConfidenceMotion
181,2018-07-20 17:36:42, Summary of what Hon ble PM ji did to PongaPandit amp all his Pidis amp his TukdeTukdeGang members in
182,2018-07-20 17:35:12, Summary of what Hon ble PM ji did to PongaPandit amp all his Pidis amp his TukdeTukdeGang members in
183,2018-07-20 17:34:48, Summary of what Hon ble PM ji did to PongaPandit amp all his Pidis amp his TukdeTukdeGang members in
184,2018-07-20 17:33:52, Summary of what Hon ble PM ji did to PongaPandit amp all his Pidis amp his TukdeTukdeGang members in
185,2018-07-20 17:33:50, Summary of what Hon ble PM ji did to PongaPandit amp all his Pidis amp his TukdeTukdeGang members in
186,2018-07-20 17:33:38,We have so generous people sitting in the parliament The are so silent and they actually listen to what people sh
187,2018-07-20 17:31:06, As always in few a direct words tears apart ModiSarkar NoConfidenceMotion
188,2018-07-20 17:30:22, As always in few a direct words tears apart ModiSarkar NoConfidenceMotion
189,2018-07-20 17:30:22, Summary of what Hon ble PM ji did to PongaPandit amp all his Pidis amp his TukdeTukdeGang members in
190,2018-07-20 17:29:44, Summary of what Hon ble PM ji did to PongaPandit amp all his Pidis amp his TukdeTukdeGang members in
191,2018-07-20 17:28:10, As always in few a direct words tears apart ModiSarkar NoConfidenceMotion
192,2018-07-20 17:27:01, Summary of what Hon ble PM ji did to PongaPandit amp all his Pidis amp his TukdeTukdeGang members in
193,2018-07-20 17:26:43, As always in few a direct words tears apart ModiSarkar NoConfidenceMotion
194,2018-07-20 17:25:43, As always in few a direct words tears apart ModiSarkar NoConfidenceMotion
195,2018-07-20 17:24:01, As always in few a direct words tears apart ModiSarkar NoConfidenceMotion
196,2018-07-20 17:23:18, As always in few a direct words tears apart ModiSarkar NoConfidenceMotion
197,2018-07-20 17:19:02,Summary of what Hon ble PM ji did to PongaPandit amp all his Pidis amp his TukdeTukdeGang
198,2018-07-20 17:17:39, As always in few a direct words tears apart ModiSarkar NoConfidenceMotion
199,2018-07-20 17:14:13, 0 Thanks to NaMoTrustVote amp IndiaTrustsModi due to the ill intended NoConfidenceMotion my confidence and faith in Shri
